L01	Anyone can print ninety-nine percent on a label.
L02	Anyone can say "lab tested."
L03	Almost no one shows you the proof.
L04	We do.
L05	Every batch, sent to an independent lab.
L06	Identity, confirmed.
L07	Purity, measured.
L08	Ninety-nine percent. Minimum.
L09	Shipped cold, within twenty-four hours.
L10	Don't take our word for it.
L11	Check it yourself.
L12	Pick your compound.
L13	See the purity. Verified.
L14	Order.
L15	Two vials, five percent off. Three or more, eight.
L16	No promises.
L17	Proof.
L18	PurePeptide.
L19	Purity, proven.
