L01	1.170	0.100	Anyone can print the word pure.
L02	3.520	2.830	We'd rather spell it out.
L03	5.370	4.390	Identity, confirmed.
L04	7.070	6.220	Purity, measured by HPLC.
L05	9.783	9.340	Ninety-nine percent. Minimum.
L06a	11.732	11.630	Every batch, independently tested.
L06b	13.567	13.450	by Janoshik Analytical.
L07a	15.257	15.350	Shipped cold, within twenty-four hours.
L07b	17.427	17.530	to ten countries.
L08	18.531	18.790	Six compounds. One standard.
L09	20.801	21.410	Don't take our word for it.
L10	22.670	22.780	See for yourself.
L11	26.020	24.070	Now, let the cart do the math.
L12	28.270	26.210	Two vials? Five percent off.
L13	30.120	28.070	Three or more? Eight percent.
L14	31.740	29.870	Over two hundred dollars? Free shipping.
L15	33.920	32.120	Applied automatically, right in the cart.
L16	37.520	34.470	PurePeptide. Purity, proven.
L17	41.670	37.050	Shop now at purepeptide dot care.
