L01	0.970	0.160	Pure.
L02	2.370	1.650	It's such an easy word to print. And such a hard one to prove.
L03	7.570	6.310	So we don't print it. We measure it.
L04	11.170	8.940	Every batch. Every single one. Tested independently. By Janoshik Analytical.
L05	18.370	15.290	Ninety-nine percent. Minimum.
L06	21.570	18.310	Shipped cold. Within twenty-four hours.
L07	25.570	21.300	Don't take our word for it. Open the site.
L08	28.970	23.750	Let the cart do the math. It's automatic.
L09	34.970	26.500	PurePeptide. Purity. Proven.
L10	40.470	29.760	purepeptide dot care
