L01	2.370	0.110	Most labels promise purity.
L02	6.270	2.650	Few can prove it.
L03	12.690	5.240	This is PurePeptide.
L04	20.270	8.140	Identity, confirmed. Purity, measured.
L05	24.120	11.840	Every batch, independently tested.
L06	29.970	14.680	Ninety-nine percent purity. Minimum.
L07	33.220	17.980	Shipped cold, within twenty-four hours.
L08	36.070	20.750	Six compounds. One standard.
L09	39.170	23.410	Buy more, save more.
L10	42.020	25.440	Two vials, five percent off.
L11	44.100	27.620	Three or more, eight percent off.
L12	46.270	29.790	Free shipping on orders over two hundred dollars.
L13	50.120	32.780	No promises. Just proof.
L14	53.270	35.810	PurePeptide. Purity, proven.
L15	56.070	38.920	Shop now, at purepeptide dot care.
